5872.0,5350.0,523.1,645.7000000000002,4608.11,4744.509999999998,4752.0
7755.0,7207.0,427.5,587.9000000000001,6167.320000000001,6412.570000000001,6134.599999999999
7247.0,6718.0,445.49999999999994,602.2000000000002,5776.950000000001,6211.679999999999,5914.3
7080.0,6604.0,368.80000000000007,498.2,5936.94,6245.83,6154.499999999999
7361.0,6843.0,384.40000000000003,500.2999999999999,6017.5,6471.9000000000015,6310.400000000001
4802.0,4384.0,444.4,554.1999999999999,3629.109999999999,3923.8999999999996,3807.9
4686.0,4380.0,450.70000000000005,539.4000000000001,3139.5699999999997,3322.5800000000004,3250.9999999999995
6114.0,5743.0,400.90000000000015,520.7,4967.659999999999,5140.619999999999,5137.5999999999985
6649.0,6054.0,498.0000000000001,600.3000000000001,5668.839999999999,6054.4800000000005,5901.5
7894.0,7178.0,435.19999999999993,557.4999999999999,6373.919999999999,6647.700000000001,6604.5
8275.0,7524.0,397.00000000000006,552.0,6552.13,6846.26,6786.700000000001
3758.0,3394.0,387.0999999999999,455.40000000000003,3039.3199999999997,3272.93,3217.8999999999996
4066.0,3627.0,435.0,512.5,3124.3299999999995,3366.83,3331.9000000000005
6805.0,5913.0,433.8999999999999,571.0999999999999,5586.449999999999,5751.69,5778.900000000001
7436.0,6764.0,460.09999999999997,602.7999999999997,5796.07,6104.45,6054.400000000001
5583.0,5016.0,487.4000000000001,604.0000000000001,4426.33,4638.4800000000005,4613.700000000001
2735.0,2489.0,444.8,505.4,2184.61,2375.13,2355.1
7554.0,6898.0,465.2000000000001,648.3000000000001,6064.5599999999995,6324.650000000001,6288.2
7693.0,6810.0,512.5,676.9000000000001,5945.6,6221.7699999999995,6177.2
7827.0,6993.0,517.4000000000001,669.4,6129.68,6401.4400000000005,6371.0
7813.0,6947.0,526.8,684.5000000000001,6065.91,6331.95,6302.1
5696.0,5138.0,535.9,647.6999999999999,4440.25,4727.7699999999995,4630.3
3069.0,2728.0,436.2,505.09999999999997,2382.9,2603.3499999999995,2561.5000000000005
7311.0,6574.0,487.19999999999993,647.9999999999999,5709.900000000001,6022.540000000001,5940.799999999999
5025.0,4561.0,493.79999999999995,609.8999999999999,4032.2500000000005,4283.59,4232.5
5949.0,5182.0,454.3,575.9999999999999,4640.35,4894.259999999999,4914.5
5643.0,5142.0,517.0,634.6999999999999,4607.2,4791.52,4781.4
2931.0,2676.0,501.90000000000003,569.6,2338.59,2583.88,2507.7999999999997
4305.0,3803.0,496.3,609.2,3592.5099999999998,3788.2599999999993,3777.1000000000004
5383.0,4740.0,504.40000000000003,620.8999999999999,4166.490000000001,4343.9800000000005,4349.0
4545.0,4105.0,512.1000000000001,615.3,3754.0499999999993,4006.620000000001,3971.2
3919.0,3509.0,489.90000000000003,608.1999999999999,3099.72,3330.61,3283.7000000000003
7812.0,6880.0,508.0999999999999,666.4,6197.6500000000015,6447.6799999999985,6434.200000000001
5914.0,5249.0,519.7,634.1,4647.89,4895.299999999999,4868.3
5820.0,5246.0,527.1999999999999,657.5999999999999,4585.15,4875.869999999999,4808.900000000001
6770.0,6089.0,523.8999999999999,670.5,5480.549999999999,5748.08,5597.700000000001
7732.0,6721.0,526.4999999999999,653.5999999999999,5879.1900000000005,6245.999999999998,6179.6
5138.0,4607.0,499.20000000000005,579.6999999999999,4179.370000000001,4554.969999999999,4407.300000000001
4145.0,3443.0,499.60000000000014,557.1000000000001,2431.09,2662.8599999999997,2586.7000000000003
6934.0,6121.0,543.5999999999999,665.2,5107.8099999999995,5449.750000000002,5350.999999999999
8023.0,7008.0,550.1,715.1,5752.89,6279.17,5854.999999999998
6267.0,5512.0,521.3,656.1999999999998,4872.020000000001,4992.459999999999,4914.499999999999
931.0,828.0,436.00000000000006,457.3000000000001,634.8900000000001,748.9,696.5999999999999
783.0,680.0,445.20000000000005,469.4000000000001,453.34000000000003,627.47,0.0
4432.0,3906.0,489.4999999999999,564.0,3221.4500000000003,3340.7600000000007,0.0
1328.0,1216.0,517.4000000000001,549.8,1059.3999999999999,1272.03,0.0
3918.0,3478.0,591.6,645.5,2957.82,3452.16,0.0
1780.0,1569.0,518.2,572.1999999999999,1345.07,1532.7100000000003,0.0
1116.0,974.0,527.1,563.9999999999999,800.46,923.42,0.0
5220.0,4636.0,581.3000000000001,691.7999999999998,4089.2200000000003,4110.219999999999,3590.9
3955.0,3646.0,594.0,703.0,3134.35,3374.8,3297.9
6633.0,6098.0,662.1000000000001,791.0000000000001,5469.2699999999995,5683.210000000001,5595.700000000001
4249.0,3704.0,624.0,694.5999999999999,3309.3399999999997,3646.489999999999,3499.7999999999997
7643.0,6748.0,569.6,723.5000000000002,5985.849999999999,6251.839999999999,6187.200000000001
5951.0,5462.0,571.6,707.6999999999999,5028.6900000000005,5311.24,5225.6
5682.0,5107.0,583.4999999999999,714.2,4669.96,4994.07,4275.3
2382.0,2189.0,621.5,671.8,1951.54,2203.2699999999995,2048.6
2937.0,2561.0,630.9,670.9000000000001,2249.2599999999998,2503.93,2426.3999999999996
5710.0,5200.0,676.7999999999997,832.6999999999998,4654.92,4977.990000000001,4870.499999999999
1619.0,1439.0,596.4,630.2,1201.9,1449.8699999999997,1369.1
1500.0,1272.0,596.7,619.0,1060.2900000000002,1257.0599999999997,1210.0000000000002
1706.0,1502.0,565.5999999999999,602.9000000000001,1270.54,1475.4099999999999,1407.8
2643.0,2270.0,569.5,643.7999999999998,2027.4699999999998,2246.44,2180.3
1964.0,1715.0,485.0999999999999,509.0,2170.04,2441.169999999999,2211.0
3211.0,2937.0,506.30000000000007,577.4,2355.04,2543.28,2568.5999999999995
4009.0,3564.0,599.2,701.5,3166.75,3471.0,3350.2
3260.0,2845.0,618.4,693.7,2452.79,2693.0399999999995,2623.3
3457.0,3081.0,549.6999999999999,651.0,2903.68,3240.4700000000003,3091.7
6047.0,5595.0,655.3000000000001,812.7000000000002,4765.0,5290.009999999999,5034.900000000001
7269.0,6780.0,662.4000000000001,842.7000000000002,5652.9400000000005,6269.92,5978.000000000001
7140.0,6562.0,656.5000000000001,828.7,5447.170000000001,5981.65,5716.7
4751.0,4226.0,631.8,747.8000000000001,3950.5399999999995,4587.36,4212.5
6376.0,5892.0,663.5999999999998,808.1,5079.97,5876.5199999999995,5401.999999999998
5123.0,4550.0,659.1,791.0,4180.29,4903.89,4398.7
190.0,151.0,310.4,310.4,3460.89,3907.5099999999998,3628.7
48.0,33.0,305.8,295.2,5510.880000000001,6301.009999999998,597.9
40.0,27.0,298.5,300.5,5790.910000000001,6426.48,6040.9
81.0,62.0,353.9,354.6,1080.8700000000001,1563.4700000000003,1267.9
98.0,74.0,322.8,316.50000000000006,5104.2300000000005,6048.190000000001,5429.700000000001
45.0,32.0,301.4,297.2,5954.55,6807.850000000002,6368.0
49.0,35.0,305.4,303.4,2372.28,3011.2600000000007,2582.4999999999995
42.0,29.0,305.1000000000001,299.0,5971.1900000000005,6483.239999999999,6351.499999999999
135.0,109.0,365.69999999999993,371.8,956.9600000000002,1340.1600000000003,1130.3
136.0,106.0,370.30000000000007,368.90000000000003,3353.59,3754.71,3541.7000000000003
40.0,27.0,298.50000000000006,295.8,2721.21,3114.3999999999996,2920.4999999999995
45.0,32.0,290.2,286.1,2523.32,2858.4800000000005,2665.7
42.0,28.0,298.70000000000005,293.2,3555.8500000000004,3942.9700000000007,3789.5000000000005
42.0,29.0,307.59999999999997,299.3,3861.6500000000005,4141.0,4024.2999999999993
39.0,26.0,305.5,301.30000000000007,4184.849999999999,4624.210000000002,4431.2
199.0,171.0,443.3999999999999,439.7,806.19,1211.3799999999999,987.7000000000002
41.0,27.0,307.2,295.6,3580.19,3906.070000000001,3827.8000000000006
55.0,38.0,326.3,317.9,3524.63,4082.5999999999995,3811.6000000000004
53.0,38.0,335.0000000000001,329.09999999999997,5935.820000000001,6460.899999999999,6216.399999999999
83.0,62.0,329.8,322.0,4786.200000000001,5280.140000000001,5089.7
44.0,31.0,307.40000000000003,298.5,4959.259999999999,5279.329999999999,5182.299999999999
49.0,35.0,322.40000000000003,316.1000000000001,2788.0000000000005,3272.31,2991.0
46.0,34.0,316.40000000000003,310.70000000000005,3349.1499999999996,3876.44,3590.6000000000004
37.0,24.0,275.40000000000003,272.9,3122.189999999999,3546.47,3336.9
432.0,358.0,433.1000000000001,443.99999999999994,227.23000000000002,569.61,324.50000000000006
156.0,130.0,393.4,397.6,509.10999999999996,841.5300000000001,662.4
49.0,36.0,313.9,299.7,6538.610000000001,6953.830000000001,6800.3
79.0,61.0,351.20000000000005,353.5,3175.48,3518.980000000001,3374.5999999999995
95.0,77.0,370.6,381.4,551.84,808.9100000000002,678.5
66.0,47.0,322.49999999999994,319.7,4785.74,4925.529999999999,2.9
88.0,73.0,335.9,339.2,2673.3399999999997,3008.539999999999,979.1
55.0,39.0,283.40000000000003,273.4,3040.6599999999994,3118.2499999999995,3154.7000000000003
43.0,30.0,261.2,239.39999999999998,6285.200000000001,6599.130000000001,6578.299999999999
47.0,33.0,258.1,236.70000000000002,5444.65,5772.23,5693.200000000001
42.0,28.0,279.7,263.3,6274.6399999999985,6591.960000000001,6532.0
38.0,24.0,286.20000000000005,275.09999999999997,4733.99,5133.090000000001,4970.099999999999
42.0,28.0,289.7,279.59999999999997,4581.94,5034.5700000000015,4847.7
81.0,61.0,304.8,308.9,2071.69,2409.7799999999993,2241.6
39.0,26.0,257.20000000000005,238.1,5529.3099999999995,5851.3099999999995,5772.6
58.0,41.0,320.5,316.49999999999994,3719.4400000000005,4127.329999999999,4085.4
602.0,622.0,311.8,326.09999999999997,3276.06,3657.1900000000005,3464.9
557.0,512.0,328.0,345.69999999999993,973.81,1286.7799999999995,1115.7
62.0,47.0,269.20000000000005,262.5,1466.87,1734.1599999999999,1619.3999999999999
79.0,60.0,273.4,261.7,3999.48,4376.629999999999,4280.3
37.0,24.0,286.40000000000003,285.3,4302.860000000001,4629.579999999999,4486.0
43.0,28.0,283.70000000000005,292.40000000000003,2556.21,2860.2199999999993,2696.7999999999997
160.0,133.0,271.3,274.8,1073.74,1340.09,1221.8000000000002
389.0,324.0,290.9,308.99999999999994,1255.94,1508.16,1386.0000000000002
109.0,86.0,350.8,367.90000000000003,80.88000000000001,344.53999999999996,157.29999999999998
74.0,55.0,288.19999999999993,297.7,112.77,349.36999999999995,212.2
1342.0,1390.0,279.6,278.0,4416.95,4676.73,4589.4
760.0,794.0,238.89999999999998,230.2,5655.98,6110.929999999999,6060.000000000001
38.0,25.0,200.60000000000005,174.0,6231.210000000001,6495.53,6473.299999999999
38.0,25.0,202.89999999999998,185.3,4439.750000000001,4670.42,4629.8
39.0,25.0,192.7,171.70000000000002,1585.55,1807.8199999999995,1769.6
39.0,25.0,214.20000000000002,196.70000000000002,5748.59,5995.069999999999,5974.4
1107.0,1260.0,284.5,291.8,5358.22,5785.770000000001,5723.1
1128.0,1252.0,247.6,248.3,3882.46,4107.29,4004.2999999999997
69.0,51.0,249.1,242.0,5930.300000000001,6465.599999999999,6247.599999999999
956.0,1107.0,249.49999999999997,252.79999999999998,4553.23,4797.459999999999,4763.499999999999
280.0,303.0,235.99999999999997,230.89999999999998,4871.18,5201.459999999999,5137.400000000001
59.0,45.0,215.3,213.79999999999995,4751.17,5156.829999999999,5054.700000000001
71.0,53.0,233.20000000000002,234.50000000000006,2311.75,2633.9099999999994,2551.1000000000004
62.0,45.0,209.39999999999998,195.59999999999994,5158.220000000001,5502.25,5436.900000000001
1023.0,1127.0,218.6,214.29999999999998,4031.8700000000003,4333.889999999999,4224.9
848.0,968.0,213.1,203.9,4546.2,4670.15,4601.999999999998
47.0,33.0,207.5,189.10000000000002,4147.85,4263.129999999999,4240.7
48.0,33.0,228.1,219.9,4256.169999999999,4711.17,4542.500000000001
74.0,56.0,240.8,223.30000000000004,3617.4399999999996,3900.1400000000003,3784.9
60.0,44.0,214.00000000000003,196.0,4599.27,4863.799999999999,4792.3
2014.0,2284.0,278.1,292.90000000000003,3411.52,3668.83,3577.6000000000004
784.0,827.0,240.20000000000005,240.09999999999997,4571.079999999999,5011.319999999999,4607.2
67.0,52.0,228.8,226.19999999999996,4699.46,4824.830000000002,0.0
1984.0,2010.0,256.09999999999997,256.5,4023.11,4187.559999999999,0.0
56.0,42.0,201.6,182.2,5494.759999999999,5915.3499999999985,2687.5999999999995
64.0,48.0,238.2,233.9,2189.7400000000002,2446.7499999999995,2358.0
58.0,43.0,226.2,200.29999999999998,4711.799999999999,4716.239999999999,3558.0
39.0,25.0,203.8,181.9,5938.430000000001,6244.6900000000005,6338.4
64.0,49.0,234.30000000000004,216.7,5409.14,5655.000000000001,5627.699999999999
620.0,706.0,230.20000000000002,234.20000000000002,733.0899999999999,981.6200000000001,869.7999999999998
44.0,30.0,137.00000000000003,107.7,6409.179999999999,6590.169999999998,5838.8
258.0,331.0,160.4,138.60000000000002,5821.510000000001,6130.030000000001,6064.499999999999
22.0,17.0,68.4,65.9,7284.21,7462.509999999999,5445.5
79.0,59.0,238.00000000000006,244.50000000000006,793.3800000000001,1061.7500000000002,971.9000000000001
310.0,420.0,124.00000000000001,103.60000000000001,4756.910000000001,5338.540000000001,5144.9
2556.0,3338.0,248.10000000000002,370.2000000000001,4905.780000000001,5213.320000000001,4855.0
56.0,41.0,236.59999999999997,242.9,3408.7200000000003,3888.47,705.6
1121.0,1009.0,416.6,455.30000000000007,780.1400000000001,1019.0000000000001,1014.6999999999999
1261.0,1204.0,417.1,466.20000000000005,1056.34,1324.8200000000002,1114.3999999999999
4330.0,5486.0,336.6,451.4000000000001,4831.450000000002,5089.1399999999985,4621.1
3209.0,4026.0,318.0,436.4,3680.4100000000003,3950.7800000000007,3753.7999999999997
2054.0,2353.0,235.19999999999996,296.4,2606.04,2994.28,1874.1999999999998
3590.0,4257.0,231.90000000000003,324.90000000000003,3761.19,3399.41,3390.4
3784.0,4789.0,188.4,272.5,4749.450000000001,4842.68,4769.1
3251.0,4005.0,268.1,376.90000000000003,3832.9100000000003,3985.2700000000004,3951.9000000000005
2292.0,2693.0,256.7,319.6,2698.43,2836.0499999999997,2769.2000000000007
2994.0,3542.0,253.4,307.2,3340.77,3532.6200000000003,3557.8000000000006
3695.0,4580.0,287.1,416.6,4269.99,4351.19,4363.4
2664.0,3202.0,319.2,432.1000000000001,3204.5599999999995,3254.03,3257.2
440.0,374.0,313.09999999999997,339.7,287.12999999999994,391.4900000000001,82.0
1455.0,1701.0,218.39999999999995,262.8,886.6700000000001,973.4599999999998,229.5
7074.0,8503.0,246.3,419.20000000000005,6487.339999999999,7541.459999999999,6394.8
2660.0,3259.0,151.19999999999996,192.5,2990.3799999999997,3183.0499999999997,3092.3
1774.0,1878.0,253.69999999999996,335.90000000000003,1921.77,2075.72,1932.7
1001.0,1022.0,183.79999999999998,235.09999999999997,936.9299999999998,1160.36,595.0
3436.0,4837.0,191.00000000000003,302.2,4509.469999999999,4673.91,1472.0
5237.0,5798.0,206.89999999999998,353.99999999999994,5399.92,5615.8,5674.500000000001
3216.0,3786.0,244.7,355.99999999999994,3580.009999999999,3763.41,3870.5000000000005
6744.0,4522.0,191.10000000000002,326.6,4648.539999999999,4838.349999999999,4888.0
4483.0,3900.0,133.20000000000002,241.20000000000002,5337.89,5583.0,5657.200000000001
7386.0,6471.0,155.6,301.8,6571.379999999999,6709.849999999999,6869.1
8243.0,1488.0,16.5,35.599999999999994,1400.81,1563.56,1541.8
8682.0,2522.0,147.0,198.9,2512.47,2585.0800000000004,2602.0000000000005
10718.0,1260.0,34.8,83.6,1017.8900000000001,1209.99,1184.8999999999999
11009.0,656.0,28.400000000000002,57.0,546.95,726.2099999999999,638.3
9403.0,1524.0,36.3,84.1,1544.11,1806.2700000000002,1657.3999999999999
3514.0,4666.0,87.4,208.70000000000002,4338.209999999999,4546.78,4154.9
469.0,448.0,281.99999999999994,299.1,316.7799999999999,493.99999999999994,404.4
271.0,221.0,206.40000000000003,236.80000000000007,88.74,231.44,164.5
1493.0,1820.0,157.49999999999997,218.50000000000003,1634.7900000000002,1801.8899999999996,1753.0
1484.0,1591.0,68.3,128.3,1623.0,1897.46,1862.9
9601.0,4568.0,56.10000000000001,172.9,3519.33,3743.870000000001,3732.7999999999997
7315.0,396.0,73.99999999999999,94.3,308.53999999999996,511.92000000000013,402.2
7885.0,3146.0,103.10000000000001,192.2,2969.7699999999995,3061.27,3076.7000000000003
9119.0,523.0,-24.4,-3.4,92.88,245.93999999999997,177.4
8314.0,1034.0,-10.799999999999997,24.5,861.4000000000002,1063.08,994.0
7961.0,3662.0,93.60000000000001,150.4,3518.21,3667.54,3662.7999999999997
9565.0,2546.0,-0.30000000000000826,59.400000000000006,2295.34,2641.55,2395.8999999999996
12842.0,872.0,-88.7,-56.099999999999994,546.4599999999999,722.5500000000001,637.8000000000001
11479.0,3806.0,-54.39999999999999,56.9,4453.5,4702.570000000001,4617.3
10220.0,1758.0,-10.200000000000003,43.49999999999999,1614.0500000000002,1576.33,1698.6
8767.0,468.0,7.199999999999999,37.3,365.78999999999996,496.14999999999986,450.09999999999997
9003.0,524.0,-19.500000000000004,-5.000000000000005,399.61,581.29,510.99999999999994
8968.0,3546.0,17.300000000000004,108.80000000000003,3424.1500000000005,3611.0000000000005,3548.8999999999996
9281.0,1352.0,-37.7,3.200000000000002,1338.02,1514.8400000000001,1428.8
10433.0,7154.0,38.599999999999994,203.7,7143.49,7459.36,7398.799999999998
9239.0,4998.0,55.70000000000001,186.6,4685.48,4876.75,4852.599999999999
7741.0,1707.0,85.2,134.2,1595.7099999999998,1769.2399999999998,1683.3000000000002
7707.0,502.0,16.6,45.4,329.71,507.79999999999995,426.40000000000003
8586.0,4324.0,45.8,157.0,3974.9599999999996,4064.0800000000004,4169.3
6061.0,744.0,170.59999999999997,219.09999999999997,682.29,840.8000000000001,740.9
4791.0,475.0,71.69999999999999,105.39999999999999,298.36,503.11,432.90000000000003
4288.0,2915.0,37.9,115.6,2765.56,3014.04,3004.3
5536.0,5796.0,63.099999999999994,192.60000000000005,5578.49,5795.39,5778.3
4259.0,3204.0,126.0,211.70000000000002,3149.8099999999995,3336.1799999999994,3284.5
4210.0,4063.0,217.70000000000002,314.00000000000006,3653.5399999999995,3860.0499999999997,3804.7999999999997
2819.0,2650.0,326.0,391.6,2301.7400000000007,2515.0199999999995,2505.2999999999997
1227.0,1491.0,68.9,98.4,3989.83,4236.779999999999,4238.7
996.0,111.0,21.200000000000003,23.2,477.45,657.91,568.5
1597.0,303.0,128.9,154.8,214.25,349.29999999999995,273.1
3140.0,740.0,-4.900000000000002,33.900000000000006,515.35,775.8699999999999,702.9
5186.0,838.0,-118.8,-79.4,991.88,1179.8300000000002,1108.5
0.0,0.0,0.0,0.0,893.3400000000001,1038.42,1007.9
0.0,0.0,0.0,0.0,3779.8,3950.4,3952.6
0.0,0.0,0.0,0.0,5364.9400000000005,5612.7,5548.5
255.0,108.0,5.5,9.8,345.38,546.45,481.9
3961.0,5806.0,40.400000000000006,213.50000000000003,6003.91,6285.32,6200.9
2352.0,825.0,34.2,59.4,863.02,1051.59,971.4000000000001
3613.0,1868.0,60.900000000000006,119.5,1902.7900000000002,1998.7900000000002,1972.1
6002.0,6706.0,14.0,203.59999999999997,6345.15,6575.91,6571.799999999999
4197.0,592.0,61.9,64.9,490.78,624.2600000000001,599.0
2568.0,280.0,144.60000000000002,178.3,126.69999999999999,324.4,222.3
6089.0,3019.0,-12.8,54.20000000000001,1032.0299999999997,1137.09,1067.5
6244.0,5837.0,-1.9,133.1,5410.21,5632.280000000002,5614.299999999999
5537.0,5396.0,54.199999999999996,174.90000000000003,4765.6,4943.389999999999,4869.099999999999
5084.0,4864.0,96.8,224.0,4845.0599999999995,5074.0199999999995,5030.6
6462.0,6919.0,37.100000000000016,164.99999999999997,6736.25,6919.21,6956.3
6713.0,7542.0,133.5,361.40000000000003,7378.68,7705.05,7697.300000000001
2772.0,1126.0,188.89999999999998,242.70000000000002,1101.16,1221.04,1168.1000000000001
6461.0,7942.0,200.79999999999998,400.0,7653.2300000000005,7819.29,7894.7
6019.0,7415.0,268.49999999999994,451.9,7064.550000000001,7227.22,7284.3
7358.0,9405.0,206.60000000000002,435.3999999999999,9543.169999999998,9797.74,9852.4
5303.0,5654.0,309.0000000000001,452.20000000000005,5480.819999999999,5670.9,5665.900000000001
4794.0,3816.0,322.4,376.40000000000003,3687.6599999999994,3911.2999999999997,3882.2000000000003
7819.0,9676.0,427.70000000000005,599.7000000000002,10538.369999999997,10800.519999999999,10912.400000000001
7244.0,5972.0,308.40000000000003,423.09999999999997,5910.37,6076.51,6111.099999999999
9063.0,6852.0,205.1,343.6,6734.440000000001,6936.9299999999985,6947.000000000001
8032.0,5819.0,315.0,472.09999999999997,5444.24,5621.169999999997,5658.9
6783.0,518.0,128.79999999999998,143.09999999999997,368.8299999999999,538.18,493.09999999999997
7729.0,2672.0,120.4,183.59999999999994,2234.99,2425.4700000000007,2223.8
7620.0,4142.0,146.1,230.2,4669.509999999999,4879.639999999999,4781.200000000001
8128.0,5333.0,166.69999999999996,266.90000000000003,4681.77,4853.510000000001,4105.000000000001
5283.0,1385.0,217.7,257.0,1338.12,1487.7599999999998,1473.5
0.0,0.0,0.0,0.0,1252.9099999999999,1409.01,1363.3000000000002
4957.0,3205.0,249.79999999999995,338.2,4841.98,5051.699999999999,5073.200000000001
7560.0,1065.0,117.19999999999999,141.4,945.4699999999999,1075.94,1082.6
9128.0,7187.0,74.69999999999999,241.6,7116.3,7313.520000000001,7383.300000000001
7596.0,1399.0,133.6,158.8,1546.85,1722.6200000000001,1705.1000000000001
7995.0,6147.0,169.70000000000002,340.8999999999999,5893.909999999999,6128.7699999999995,6081.399999999999
3777.0,2960.0,71.9,146.9,3417.46,3586.150000000001,3589.8
8946.0,3377.0,52.600000000000016,130.60000000000002,3706.040000000001,4011.39,3963.7999999999997
4946.0,3337.0,76.0,174.1,4248.87,4438.639999999999,4438.4
1913.0,682.0,65.39999999999999,83.39999999999999,1809.69,2003.2599999999995,1957.6000000000001
6494.0,4600.0,190.2,314.0,6421.100000000001,6684.179999999999,6662.000000000001
8904.0,5204.0,137.29999999999998,241.20000000000002,5657.77,5856.0099999999975,5877.900000000001
6353.0,4026.0,167.7,256.2,4497.65,4634.830000000001,4662.700000000001
5199.0,5008.0,117.49999999999999,247.60000000000002,5770.820000000001,5932.900000000001,6012.2
5578.0,6052.0,177.5,312.40000000000003,6412.399999999999,6603.099999999999,6644.9
6960.0,820.0,105.99999999999999,132.50000000000003,832.7899999999997,972.6200000000001,912.0
10157.0,6898.0,218.60000000000002,378.89999999999986,6698.41,6815.929999999999,6845.3
6933.0,2280.0,283.29999999999995,333.99999999999994,2644.3000000000006,2788.21,2756.0
2862.0,2193.0,121.5,172.4,2693.5000000000005,2848.04,2722.0
0.0,15.0,21.0,22.5,224.35999999999999,292.52,227.5
0.0,0.0,0.0,0.0,2607.67,2724.8199999999997,2801.7
4828.0,4247.0,117.8,222.09999999999997,6433.86,6640.039999999999,6540.899999999999
617.0,731.0,11.3,26.7,6728.63,6886.16,6932.599999999999
335.0,1.0,4.7,2.3,6447.610000000001,6852.979999999999,6789.400000000001
400.0,153.0,6.7,9.6,6736.689999999999,6902.33,6964.500000000001
5392.0,1373.0,97.00000000000001,98.6,5792.32,6049.969999999999,6023.700000000001
6846.0,3770.0,304.6,387.3,6207.49,6406.789999999999,6434.900000000001
8879.0,4739.0,303.1000000000001,365.0000000000001,4584.27,4720.030000000001,4780.2
5069.0,3973.0,193.20000000000002,280.1,6072.610000000001,6276.650000000001,6299.500000000001
4156.0,1950.0,265.3,288.50000000000006,3655.13,3829.8300000000004,3827.6999999999994
5610.0,2304.0,279.3,339.2,4919.860000000001,5192.98,4945.6
1867.0,501.0,82.6,100.5,2801.16,2952.7599999999993,2943.2
2226.0,2399.0,54.7,115.29999999999998,5625.38,5871.77,5817.1
0.0,0.0,0.0,0.0,498.87999999999994,652.6199999999998,617.9
0.0,0.0,0.0,0.0,6467.38,6727.91,6718.400000000001
1324.0,1798.0,36.5,80.4,6505.150000000001,6696.4,6734.8
0.0,0.0,0.0,0.0,723.55,892.08,849.1
0.0,0.0,0.0,0.0,3489.3999999999996,3702.7200000000003,3687.7
0.0,0.0,0.0,0.0,5781.78,6000.620000000001,6027.200000000001
0.0,0.0,0.0,0.0,6834.5199999999995,6999.58,7060.7
0.0,0.0,0.0,0.0,6225.570000000001,6370.719999999999,6408.4
1421.0,1736.0,65.0,107.7,6530.930000000001,6695.120000000001,6741.300000000002
686.0,981.0,24.6,42.6,4604.550000000001,4756.6500000000015,4824.5
0.0,0.0,0.0,0.0,2721.6000000000004,2981.0800000000004,2926.2
0.0,0.0,0.0,0.0,5453.42,5663.68,5738.7
0.0,0.0,0.0,0.0,6679.799999999999,6896.7699999999995,6934.4000000000015
0.0,0.0,0.0,0.0,6189.86,6388.070000000001,6432.099999999999
0.0,0.0,0.0,0.0,10524.37,10748.960000000001,10904.6
0.0,0.0,0.0,0.0,6110.660000000001,6309.29,6336.4
0.0,0.0,0.0,0.0,6096.45,6297.190000000002,6330.1
0.0,0.0,0.0,0.0,5904.4,6174.52,6202.7
0.0,0.0,0.0,0.0,2903.26,3070.5099999999998,3079.5000000000005
0.0,0.0,0.0,0.0,2660.02,2823.6300000000006,2775.5000000000005
0.0,0.0,0.0,0.0,6236.43,6382.550000000001,6463.299999999999
0.0,0.0,0.0,0.0,6370.58,6581.009999999999,6613.099999999999
580.0,264.0,47.3,46.8,6291.46,6525.459999999998,6077.9
0.0,0.0,0.0,0.0,6400.849999999999,6612.709999999999,6672.500000000001
1121.0,949.0,66.5,89.8,4992.38,5169.46,5197.099999999999
0.0,0.0,0.0,0.0,1289.4700000000003,1451.4,1422.8
2779.0,2749.0,121.6,181.3,4277.38,4370.200000000001,4414.3
0.0,0.0,0.0,0.0,3036.18,3194.3500000000004,3199.1000000000004
0.0,0.0,0.0,0.0,3137.5500000000006,3265.5099999999998,3314.7
0.0,0.0,0.0,0.0,4102.700000000001,4292.09,4331.1
0.0,0.0,0.0,0.0,6072.6900000000005,6318.189999999999,6328.7
0.0,0.0,0.0,0.0,5915.360000000001,6110.93,6126.7
0.0,0.0,0.0,0.0,5687.260000000001,5915.13,5921.799999999999
0.0,0.0,0.0,0.0,5840.579999999999,6070.21,6081.900000000001
0.0,0.0,0.0,0.0,5689.46,5943.6,5922.000000000001
1935.0,1007.0,133.5,151.8,4202.419999999999,4474.239999999999,4395.0
1641.0,318.0,114.3,116.00000000000001,955.82,1153.7800000000002,1092.8
0.0,0.0,0.0,0.0,2976.56,3145.51,3065.2
317.0,171.0,19.2,23.2,3260.0199999999995,3476.27,3424.9
0.0,0.0,0.0,0.0,3135.8700000000003,3497.79,3401.5
697.0,483.0,38.1,43.5,2425.7599999999998,2621.8199999999997,2580.6
0.0,0.0,0.0,0.0,5017.96,5226.7699999999995,5256.3
0.0,0.0,0.0,0.0,6145.860000000001,6361.15,6394.9
0.0,0.0,0.0,0.0,4277.92,4444.110000000001,4472.7
0.0,0.0,0.0,0.0,5505.080000000002,5761.86,5748.100000000001
1448.0,1821.0,84.19999999999999,122.4,5181.06,5382.849999999999,5410.099999999999
5533.0,2175.0,492.6000000000001,522.4000000000001,2019.0200000000002,2218.0699999999997,2197.5
6141.0,3438.0,446.7,493.5,3161.05,3334.06,3356.2000000000003
4319.0,1665.0,446.5,477.7000000000002,1607.34,1795.4699999999998,1794.0999999999997
6090.0,3670.0,471.0,511.3,3568.38,3822.63,3819.9000000000005
3934.0,1118.0,471.90000000000015,495.0999999999999,1026.36,1180.3,1069.6000000000001
5726.0,2632.0,459.00000000000006,534.5999999999999,2564.31,2756.1900000000005,2739.7000000000003
4776.0,1352.0,461.4,492.2,1250.1999999999998,1426.94,1398.0
6313.0,3846.0,522.0,623.1,3253.3099999999995,3473.1299999999997,3441.9
6771.0,5030.0,557.0,695.3000000000001,4781.28,5094.150000000001,5119.899999999999
7086.0,5709.0,577.7,720.4000000000001,4870.98,5049.1,5073.2
5327.0,2858.0,600.7,664.0999999999999,2590.0800000000004,2792.8600000000006,2766.6999999999994
4918.0,2599.0,659.4000000000001,720.0000000000001,2358.7400000000002,2597.06,2513.7
4159.0,2123.0,583.6999999999999,639.6,1959.7,2172.59,2086.7999999999997
5263.0,3324.0,554.9999999999999,654.6000000000001,3048.2799999999997,3244.1099999999997,3212.6
6409.0,6627.0,580.5999999999999,795.8999999999999,6595.93,6792.870000000002,6758.799999999999
5043.0,1922.0,503.5999999999999,553.7000000000002,1792.3899999999999,1980.5700000000002,1944.4
5911.0,3943.0,512.0,623.8,3146.8,3297.61,3304.8
5114.0,1792.0,506.9,552.7,1669.6299999999999,1860.0100000000002,1834.9999999999998
6775.0,5749.0,544.1,691.0999999999998,5261.79,5602.249999999998,5529.5
7269.0,6807.0,580.8000000000001,745.5999999999999,6404.969999999999,6604.599999999999,6638.599999999999
5940.0,4359.0,567.6000000000001,688.1999999999998,4187.599999999999,4359.7300000000005,4373.2
5624.0,4132.0,598.5000000000001,721.5,3971.2500000000005,4173.89,4138.500000000001
6108.0,5505.0,717.8999999999999,857.6999999999999,4966.78,5348.709999999999,5343.4
4280.0,2224.0,669.5,701.0,2036.6599999999999,2211.22,2185.1000000000004
4141.0,2224.0,687.9999999999999,728.4999999999999,2039.5600000000002,2231.85,2208.0999999999995
4763.0,2950.0,624.9,671.2,2820.1000000000004,3016.7499999999995,2989.2999999999997
4377.0,1238.0,541.1,575.9,1091.0599999999997,1264.05,1236.0999999999997
4945.0,4212.0,664.8000000000001,762.8,4023.2700000000004,4173.09,4183.9
5942.0,6057.0,680.0000000000001,780.4000000000001,5864.920000000001,6074.089999999999,6014.8
6503.0,6888.0,695.5,873.8000000000001,6199.07,6493.42,6484.599999999999
6478.0,6597.0,675.1999999999999,846.6,5903.65,6210.930000000001,6153.2
6507.0,6724.0,670.3000000000001,839.8,6074.179999999999,6407.360000000001,6302.499999999999
6924.0,6024.0,672.5,856.9999999999999,5996.740000000001,6325.18,6236.500000000001
6377.0,6464.0,688.0000000000001,837.1000000000001,5559.819999999999,5850.6900000000005,5713.6
5288.0,3161.0,670.9,758.3000000000001,2786.7099999999996,3006.8799999999997,3024.6
5959.0,5308.0,680.8,812.4000000000001,4769.389999999999,5056.21,5036.8
6340.0,6772.0,689.1,846.0,6059.05,6360.1500000000015,6300.9
6415.0,6955.0,664.5,840.0000000000001,6190.77,6499.1100000000015,6458.299999999998
6421.0,6462.0,665.1,816.1999999999998,5454.4400000000005,5799.43,5613.699999999998
6017.0,5820.0,675.5999999999999,830.6999999999999,5056.9800000000005,5391.370000000001,5344.3
6085.0,6237.0,677.6,826.0000000000001,5638.540000000001,5920.2,5846.8
5768.0,5914.0,694.9999999999999,852.3000000000003,4948.41,5292.230000000001,5233.700000000001
5959.0,5478.0,676.2999999999998,810.6999999999999,4616.35,4885.169999999999,4798.400000000001
5700.0,5151.0,706.2000000000002,808.6,4718.03,5016.18,4909.6
5752.0,5407.0,699.3000000000001,789.4000000000002,4888.149999999999,5164.4400000000005,5084.4
5470.0,3448.0,676.6999999999999,735.5000000000001,3159.44,3404.31,3327.3999999999996
5682.0,4440.0,651.9999999999998,734.1,3066.5699999999997,3532.34,3413.9
5686.0,3595.0,680.5,780.9,3427.3799999999987,3690.88,3670.7000000000003
5936.0,5548.0,722.5999999999999,872.1,4958.55,5232.24,5225.1
5185.0,2807.0,726.8000000000001,771.8999999999997,2479.1199999999994,2798.2999999999997,2723.2
5445.0,3957.0,744.0,824.8,3578.2299999999996,3931.69,3770.2
6063.0,5982.0,732.5999999999999,878.6999999999999,5551.310000000001,5996.499999999999,5720.5
5722.0,5291.0,710.3,853.8000000000001,4991.1900000000005,5302.86,5192.400000000001
5785.0,5556.0,706.9999999999999,856.6999999999999,5187.609999999998,5678.1399999999985,5512.700000000001
5539.0,2835.0,664.7999999999998,736.5999999999999,2454.78,2755.0599999999995,2635.6
5734.0,3435.0,676.1000000000001,751.7,2808.879999999999,3160.9799999999996,2936.2999999999997
6011.0,5387.0,719.9999999999999,873.9000000000001,4681.160000000001,4986.76,4943.400000000001
6278.0,6307.0,731.3999999999999,894.1000000000003,5075.56,5450.510000000003,5298.099999999999
6505.0,6686.0,758.6999999999998,906.3999999999999,5563.229999999999,5934.049999999999,5815.4
6589.0,6882.0,768.5,911.9999999999999,5722.88,6132.000000000001,5986.800000000001
5697.0,5560.0,747.3000000000001,882.5999999999999,4532.799999999999,4898.5599999999995,4763.4
5795.0,5321.0,694.3,811.0000000000001,4090.8700000000003,4450.739999999997,4291.5
4852.0,4288.0,662.3,760.9000000000001,3908.9400000000005,4216.2300000000005,4090.0
5778.0,4783.0,657.4,747.6,4159.200000000001,4522.11,4434.999999999999
5593.0,4984.0,667.6999999999999,789.6000000000001,4427.1100000000015,4810.4699999999975,4662.5
6147.0,5356.0,670.4,790.1000000000001,4065.12,4418.780000000001,4249.0
5355.0,4081.0,645.9,699.3000000000001,2803.88,3159.96,2978.4000000000005
5545.0,4951.0,680.5,794.8999999999997,4238.42,4562.790000000001,4437.700000000001
6008.0,5330.0,717.9,832.0999999999999,4626.409999999999,4954.550000000001,4807.900000000001
4339.0,2888.0,675.4,719.5999999999999,2548.2100000000005,2856.7999999999993,2727.1
7292.0,7340.0,703.6999999999999,876.1000000000001,5863.419999999999,6199.24,6083.399999999999
6394.0,6004.0,739.9,845.6,5346.739999999999,5791.5,5654.5
5799.0,4253.0,675.4000000000001,761.9,3834.67,4039.3099999999995,4076.5
6273.0,4816.0,677.4999999999999,787.6000000000001,4217.130000000001,4666.5999999999985,4458.2
5630.0,3600.0,653.8000000000002,724.6000000000001,3113.5799999999995,3443.06,3283.2999999999993
4886.0,2985.0,606.1,691.4000000000001,2773.31,3098.71,2944.6000000000004
6266.0,4517.0,597.1,706.8000000000001,4080.52,4294.650000000002,4250.9
8043.0,6842.0,624.2999999999998,728.5000000000002,5848.77,6268.53,6203.6
7752.0,6376.0,652.7999999999998,763.8,5612.4400000000005,5984.76,5862.6
7845.0,7147.0,704.1,842.1999999999998,6040.480000000001,6502.2300000000005,6199.7
4134.0,1856.0,592.3,638.2000000000002,1597.5100000000002,1873.3999999999999,1740.1
7358.0,5415.0,543.3,621.8999999999999,4004.17,4446.39,4145.8
5727.0,3206.0,558.1000000000001,625.1,2753.8600000000006,3032.780000000001,2930.7000000000003
7186.0,5144.0,582.3,702.2000000000002,4140.95,4355.499999999999,4265.400000000001
4714.0,772.0,509.0,510.0,539.6600000000001,710.3299999999998,654.4999999999999
8492.0,6990.0,527.2,670.1999999999999,6381.86,6605.570000000001,6613.2
6534.0,4563.0,563.1999999999999,671.1999999999999,5020.68,5210.969999999998,5221.000000000001
4775.0,1106.0,486.2,497.7,946.76,1103.46,1048.8
3985.0,1057.0,458.29999999999995,473.7999999999999,862.8900000000001,1047.6299999999999,987.2
8080.0,6326.0,523.6999999999999,674.6,5297.019999999999,5603.46,5549.299999999999
8045.0,6163.0,551.2999999999998,692.1999999999999,5771.06,5907.210000000001,5961.9
7738.0,6104.0,583.1000000000001,687.3000000000001,5614.080000000001,5866.329999999998,5805.699999999999
5769.0,3047.0,593.3,680.5,3001.2299999999996,3221.7999999999984,3174.2
5456.0,2418.0,580.2,602.1999999999999,1953.4700000000003,2096.01,1858.7999999999997
6090.0,3936.0,625.0000000000001,756.1000000000001,3373.2700000000004,3491.6200000000003,3503.8000000000006
4727.0,1615.0,527.5999999999999,554.8,1426.5200000000004,1593.3899999999999,1553.7
7527.0,6085.0,562.1,722.2999999999998,5834.81,6084.63,6087.6
8353.0,6845.0,520.9999999999999,656.9,6441.360000000001,6690.73,6697.8
8032.0,6155.0,552.5,690.9,6173.909999999999,6368.490000000002,6405.2
7975.0,6338.0,590.3999999999999,726.2,5992.170000000001,6342.5199999999995,6253.6
7354.0,5596.0,581.0,691.7000000000002,5123.7,5327.580000000001,5261.9
7022.0,4473.0,589.8999999999999,714.8,4466.789999999999,4726.0199999999995,4683.1
6550.0,5041.0,589.1999999999999,717.1,4997.589999999999,5339.459999999999,5229.599999999999
5123.0,1808.0,543.0,561.1,1181.8400000000001,1369.0999999999997,1306.8999999999999
6994.0,4942.0,572.4000000000001,667.9,4329.629999999999,4534.729999999999,4434.7
7706.0,5088.0,591.9000000000001,549.8999999999999,5219.0199999999995,5484.19,5427.6
7143.0,4841.0,455.90000000000003,525.1999999999999,4324.92,4543.01,4504.1
8831.0,6670.0,434.7,558.1,6481.64,6702.609999999999,6738.3
5925.0,2829.0,472.09999999999997,547.1,2976.85,3243.3,3147.8
6432.0,2789.0,530.0999999999999,587.0000000000001,3158.74,3335.010000000001,3262.6
4613.0,730.0,487.7000000000001,500.99999999999994,515.4,696.2799999999999,619.7
5711.0,2254.0,504.70000000000005,563.4,2157.4200000000005,2404.32,2289.8
4886.0,1006.0,494.5999999999999,505.1,862.83,1100.4599999999998,1005.1000000000001
6174.0,2289.0,441.9000000000001,487.1,2046.31,2280.95,2189.3
9092.0,6342.0,423.09999999999997,569.3999999999999,6239.65,6598.230000000001,6536.8
8278.0,5493.0,470.9000000000001,625.8,5196.55,5502.910000000001,5429.799999999999
5138.0,862.0,479.1000000000001,494.5,672.7299999999999,829.0200000000002,767.0
4977.0,1281.0,525.4999999999999,555.1,1103.84,1257.52,1187.5
4736.0,1268.0,542.1,580.5999999999999,1145.74,1280.2500000000002,1226.1000000000001
3728.0,317.0,472.2000000000001,485.69999999999993,158.75000000000003,379.05000000000007,223.70000000000002
5389.0,1694.0,486.2000000000001,543.3,1425.2099999999998,1631.8400000000001,1559.7
6373.0,3322.0,533.3999999999999,625.2,2936.43,3174.379999999999,3082.0
7379.0,3991.0,450.4999999999999,496.4,3813.670000000001,4113.330000000001,4005.3
8913.0,6063.0,422.79999999999995,588.1000000000003,5987.789999999999,6221.730000000001,6226.2
8645.0,5908.0,451.3,610.0000000000001,5965.290000000001,6206.680000000001,6211.099999999999
6926.0,3210.0,463.40000000000003,546.3,3182.91,3411.09,3374.0
5302.0,658.0,363.40000000000003,358.5,483.44,673.1400000000003,586.9
8184.0,4626.0,296.59999999999997,384.0,4452.080000000001,4747.36,4729.3
6639.0,3015.0,347.0999999999999,424.5999999999999,2936.5,3130.049999999999,3097.9
6202.0,2957.0,393.8999999999999,473.7,3138.72,3439.97,3310.5999999999995
6626.0,1811.0,399.6999999999999,451.6,1902.1800000000003,2158.5,2088.9
9914.0,2560.0,376.40000000000003,439.4,2505.88,2592.1499999999996,2572.5
10027.0,5762.0,392.49999999999994,545.0000000000001,5382.7699999999995,5651.089999999999,5627.700000000001
9953.0,4663.0,407.5,532.2,4350.080000000002,4512.230000000001,4488.9
9766.0,815.0,383.7999999999999,415.20000000000005,692.07,879.4499999999999,800.8
10040.0,2677.0,349.6000000000001,414.9999999999999,2521.8100000000004,2686.93,2641.9
10611.0,5168.0,275.5,374.1,4747.05,4969.229999999999,4954.2
10465.0,1949.0,258.8,288.19999999999993,1966.1599999999999,1976.6000000000004,2024.7999999999997
10665.0,6205.0,271.20000000000005,406.49999999999994,5644.15,5847.889999999999,5850.3
10283.0,3479.0,304.9,390.19999999999993,3264.66,3469.9500000000003,3438.5
10278.0,4239.0,331.9,398.09999999999997,4168.97,4300.169999999999,4278.599999999999
10243.0,1633.0,283.49999999999994,314.2,1639.2699999999995,1900.0599999999995,1749.8
10220.0,4306.0,348.7,453.5,3762.0200000000004,3974.6499999999996,3926.2999999999997
9675.0,5125.0,423.50000000000006,544.1,4646.92,4795.449999999999,4804.5
9587.0,3735.0,430.30000000000007,521.8999999999999,3346.8700000000003,3493.6699999999996,3470.499999999999
9834.0,2429.0,382.99999999999994,430.9999999999999,2213.8,2516.5800000000004,2368.7000000000003
10527.0,3579.0,289.50000000000006,334.69999999999993,3321.27,3444.2400000000007,3439.6999999999994
10139.0,5647.0,368.5,481.79999999999995,4713.44,4870.520000000001,4867.200000000001
9872.0,2939.0,394.2,459.5,3011.4599999999996,3175.85,2926.6
10074.0,3652.0,315.50000000000006,367.2999999999999,3275.35,3504.9399999999996,3421.4999999999995
10018.0,4997.0,346.3,481.79999999999995,4550.06,4729.690000000001,4544.999999999999
10075.0,804.0,426.40000000000003,452.99999999999994,627.8100000000001,843.44,727.1
11744.0,2063.0,203.5,245.40000000000006,2139.21,2316.520000000001,2236.8
12010.0,2149.0,165.9,217.60000000000002,2080.3199999999997,2468.8299999999995,2423.1000000000004
11932.0,2113.0,179.50000000000003,217.50000000000003,2114.24,2483.9400000000005,2176.2999999999997
12224.0,5223.0,157.6,235.3,4211.69,4445.459999999999,4424.5
11434.0,3281.0,255.80000000000004,344.5,2668.12,3013.7999999999993,2951.4000000000005
11395.0,3640.0,236.49999999999997,302.2,3211.72,3372.3899999999994,3383.9
11315.0,4170.0,285.6,378.19999999999993,3698.1099999999997,3858.6399999999994,3824.3999999999996
11889.0,1882.0,171.60000000000002,204.69999999999993,1805.34,1936.63,1881.1
11872.0,506.0,94.89999999999999,110.19999999999999,506.51,585.8699999999999,467.8
11954.0,751.0,124.1,140.59999999999997,670.4300000000001,875.9300000000003,777.5
11829.0,6821.0,197.29999999999998,331.99999999999994,6267.25,6363.899999999998,6494.7
11414.0,2281.0,151.1,192.30000000000004,2556.4900000000002,2729.1399999999994,2636.2
11498.0,4064.0,172.10000000000005,277.3,3738.6400000000003,3936.62,3899.8999999999996
11068.0,2969.0,290.2,360.69999999999993,2696.5900000000006,2874.8700000000003,2834.9000000000005
12035.0,883.0,185.2,204.5,792.23,948.54,886.1999999999998
12325.0,1624.0,158.6,200.60000000000002,1436.37,1674.5799999999997,1621.4
12287.0,627.0,146.49999999999997,156.70000000000002,530.85,705.4000000000001,595.1999999999999
12131.0,742.0,17.200000000000003,43.8,535.23,820.2500000000001,634.4000000000001
11969.0,738.0,93.40000000000002,108.10000000000002,690.04,814.4299999999998,720.5
11638.0,2009.0,184.0,216.70000000000002,2029.9900000000002,2258.53,2146.7
11479.0,2719.0,183.5,237.20000000000002,2393.08,2531.38,2607.0
11738.0,2889.0,146.6,190.1,2639.0899999999997,2754.59,2771.1000000000004
11610.0,4368.0,152.29999999999995,234.40000000000006,4274.040000000001,4413.799999999999,4473.900000000001
11416.0,3939.0,182.20000000000005,248.8,3595.7999999999997,3811.1499999999996,3755.4999999999995
11335.0,4766.0,214.6,300.9,4370.23,4538.839999999998,4514.7
11409.0,2990.0,171.6,228.2,2714.5200000000004,2941.5499999999997,2844.2000000000003
11756.0,5621.0,123.40000000000003,252.0,4939.669999999999,5263.75,5248.499999999999
11456.0,5505.0,201.59999999999997,319.6,4857.110000000001,5047.329999999999,5030.900000000001
11359.0,950.0,197.50000000000006,223.39999999999998,821.36,981.6099999999999,847.8000000000001
12694.0,465.0,94.7,109.7,335.6,535.0699999999999,438.1000000000001
12851.0,1183.0,82.29999999999998,97.69999999999999,1082.2000000000003,1181.8899999999999,1133.4
12512.0,5376.0,157.29999999999998,291.7,4903.640000000001,5091.639999999999,5042.3
12588.0,3189.0,74.2,119.39999999999998,3269.2400000000002,3643.9199999999996,3513.2000000000003
12615.0,4243.0,111.40000000000002,174.89999999999998,4028.0899999999997,4217.470000000001,4211.399999999999
12626.0,2080.0,80.49999999999999,112.3,1916.45,2046.2400000000002,2002.5999999999997
12348.0,1337.0,100.4,136.90000000000003,1308.5000000000005,1449.7499999999995,1366.1999999999998
5904.0,158.0,129.89999999999998,141.7,100.42,224.49000000000004,96.3
9757.0,495.0,111.7,131.8,440.7300000000001,555.4399999999999,459.0
12237.0,866.0,21.400000000000002,42.2,725.5200000000001,1011.22,849.1
12296.0,472.0,34.2,44.599999999999994,377.76000000000005,598.5100000000001,458.6
12407.0,1621.0,42.199999999999996,56.5,1328.27,1507.9700000000005,1428.1
12236.0,662.0,58.99999999999999,72.6,569.0499999999998,744.9599999999998,664.0
12161.0,264.0,65.60000000000001,68.7,177.55999999999995,352.83000000000004,220.9
12191.0,1193.0,49.40000000000001,54.60000000000003,1317.6200000000001,1493.99,1423.1000000000001
12007.0,399.0,73.09999999999998,81.6,310.02000000000004,422.2200000000001,359.09999999999997
11411.0,625.0,80.49999999999999,105.00000000000003,561.0699999999998,720.4300000000002,595.9000000000001
11986.0,779.0,-8.3,8.4,746.2499999999999,935.49,806.9
12641.0,505.0,-16.700000000000003,-3.4000000000000004,40.39,158.15,21.0
12587.0,3167.0,40.4,73.69999999999999,2136.1600000000003,2267.559999999999,2229.7000000000003
11675.0,2961.0,116.0,153.3,2970.8400000000006,3138.0800000000004,3099.3999999999996
11141.0,4364.0,170.3,231.1,4185.54,4353.96,4330.7
11069.0,4831.0,176.39999999999995,235.70000000000007,4578.2,4753.340000000002,4743.5
11126.0,4539.0,155.49999999999997,254.60000000000002,4325.47,4416.709999999998,4479.200000000001
10925.0,2931.0,197.60000000000002,258.6,2684.79,2873.5799999999995,2820.5000000000005
11589.0,4570.0,80.20000000000003,141.99999999999997,4314.830000000001,4454.070000000001,4457.400000000001
11683.0,5492.0,65.4,149.90000000000003,5166.32,5357.340000000001,5336.300000000001
11593.0,4579.0,89.0,190.50000000000003,4312.66,4491.789999999998,4474.4
11296.0,3026.0,177.29999999999998,249.89999999999995,2841.48,3009.310000000001,2974.8
7993.0,148.0,55.7,64.99999999999999,88.18,264.38,94.7
11673.0,520.0,-64.60000000000001,-48.699999999999996,352.81,612.09,463.8
10183.0,1721.0,10.200000000000003,52.099999999999994,1407.8900000000003,1659.7600000000002,1573.7
9616.0,3722.0,39.1,125.89999999999995,3534.849999999999,3775.32,3666.1
9086.0,1494.0,54.800000000000004,86.60000000000002,1356.9099999999996,1558.5999999999995,1415.7999999999997
10196.0,3224.0,-29.900000000000002,13.599999999999994,2912.6000000000004,3149.909999999999,3061.2000000000003
10705.0,5234.0,-2.000000000000002,103.60000000000001,5153.38,5638.04,5368.7
10131.0,2542.0,9.900000000000004,58.600000000000016,2653.08,2689.81,2732.9
9687.0,3254.0,45.00000000000001,120.60000000000001,3259.54,3556.69,3379.9
9238.0,3203.0,96.60000000000001,185.60000000000002,3110.14,3401.06,3264.6
9588.0,1202.0,18.60000000000001,47.20000000000001,1170.4,1351.76,1262.3000000000002
9431.0,4818.0,100.39999999999999,233.99999999999997,4738.930000000001,4950.849999999999,4850.400000000001
9661.0,1508.0,41.7,66.70000000000002,1391.79,1667.1199999999994,1484.3
9779.0,995.0,-26.7,-37.3,672.9700000000001,970.6100000000001,782.6
10238.0,3125.0,49.7,100.19999999999999,2890.0,3095.6800000000003,2048.7999999999997
8898.0,4336.0,257.29999999999995,351.90000000000003,4031.6699999999996,4272.4400000000005,4223.9
9157.0,2920.0,149.60000000000002,207.80000000000007,2814.58,2930.0200000000004,2944.3
10524.0,6316.0,42.60000000000001,147.09999999999997,5979.68,6228.709999999999,6217.800000000001
9569.0,4597.0,148.50000000000003,246.2,4235.14,4467.73,4409.7
10271.0,2626.0,75.1,108.49999999999997,2505.56,2733.5099999999998,2665.5
8287.0,4193.0,246.49999999999997,359.1,3892.7700000000004,4182.29,4078.7
9073.0,2163.0,134.89999999999998,172.50000000000006,2040.8200000000002,2264.96,2171.5
8623.0,4714.0,269.6,368.5,4389.71,4604.599999999999,4572.6
6424.0,893.0,306.1,314.7,847.21,1030.9099999999999,966.5999999999999
7150.0,1834.0,173.80000000000004,234.29999999999998,1903.19,2134.9800000000005,2061.2
10578.0,3940.0,-0.9999999999999973,68.39999999999999,3916.0899999999992,4207.549999999999,4091.9
12544.0,2642.0,-66.89999999999999,-24.700000000000003,2428.7799999999997,2620.4500000000003,2475.9
9050.0,957.0,22.9,45.1,880.4300000000001,1139.7999999999995,987.3000000000001
8244.0,357.0,77.6,95.10000000000001,163.27999999999997,405.54999999999995,257.4
8823.0,571.0,102.79999999999998,126.0,471.36999999999995,716.3900000000002,574.8
9467.0,403.0,31.8,45.09999999999999,317.0,508.80000000000007,405.6
10033.0,331.0,-16.9,-4.3,237.1700000000001,395.63999999999993,245.20000000000002
9477.0,503.0,17.2,24.1,337.34000000000003,529.26,302.6
9670.0,1492.0,51.199999999999996,83.39999999999998,1410.58,1642.55,1524.1
9273.0,1487.0,58.9,104.19999999999999,1532.0799999999997,1783.5099999999998,1676.4
9000.0,2306.0,92.39999999999998,157.5,2576.09,2727.07,2616.7999999999997
9863.0,3167.0,49.6,99.69999999999999,2788.04,2993.6600000000003,2949.6000000000004
9371.0,5749.0,88.6,217.1,5526.600000000001,5735.099999999999,5746.799999999998
8551.0,3723.0,173.40000000000003,258.70000000000005,3411.6499999999996,3675.92,3601.5
8386.0,456.0,106.60000000000001,122.6,342.91999999999996,596.22,457.0
6973.0,1370.0,62.6,80.2,1282.06,1579.9,1475.0000000000002
6801.0,2977.0,71.60000000000001,121.3,2728.82,2961.5899999999997,2860.0
9040.0,5766.0,58.39999999999999,203.10000000000002,6514.8,6823.170000000001,6777.599999999999
9019.0,4311.0,71.80000000000001,166.99999999999997,4534.14,4760.410000000001,4725.3
8210.0,3924.0,126.00000000000001,217.89999999999998,3813.1000000000004,4007.37,3959.5000000000005
7822.0,5292.0,162.7,289.20000000000005,5313.5700000000015,5574.969999999998,5519.2
7632.0,2537.0,195.69999999999996,247.70000000000002,2553.919999999999,2766.51,2689.1000000000004
6869.0,317.0,178.39999999999998,188.09999999999994,184.73000000000002,389.3499999999999,275.79999999999995
8733.0,4381.0,203.8,299.0,4674.429999999999,4917.210000000001,4861.3
8088.0,1304.0,182.79999999999995,221.50000000000003,1206.5099999999998,1418.7399999999996,1214.3
7210.0,401.0,179.50000000000003,192.4,289.88999999999993,458.67,389.59999999999997
8990.0,5501.0,131.6,245.0,4885.580000000001,5152.12,5081.3
10342.0,6152.0,150.6,286.50000000000006,6538.6,6769.55,6780.5
8064.0,860.0,149.20000000000002,155.70000000000002,788.0999999999999,1001.2500000000002,905.0999999999999
8363.0,6497.0,84.3,185.69999999999996,6558.88,6869.949999999999,6800.2
10090.0,4706.0,51.09999999999999,146.6,5043.71,5286.13,5252.499999999999
10736.0,4884.0,60.199999999999996,168.10000000000002,5329.86,5595.100000000001,5563.2
9060.0,4051.0,55.1,132.70000000000002,4157.08,4340.789999999999,4324.9
7737.0,2538.0,82.4,104.19999999999997,2632.37,2633.879999999999,2719.8999999999996
9462.0,6753.0,64.39999999999999,202.70000000000005,6969.550000000001,7232.179999999999,7225.099999999999
9137.0,6279.0,122.8,278.29999999999995,6440.709999999998,6690.240000000001,6668.900000000001
6843.0,1217.0,235.00000000000003,248.50000000000006,1200.03,1426.6700000000003,1341.3
5936.0,453.0,116.60000000000002,131.20000000000005,311.84999999999997,531.24,434.7
8666.0,4934.0,74.6,134.30000000000004,5197.84,5439.750000000002,5074.1
8702.0,6214.0,227.69999999999996,326.79999999999995,6482.17,6706.65,6725.599999999999
8586.0,7040.0,284.5,429.29999999999995,6642.200000000001,6885.97,6775.0
7132.0,3863.0,296.2,372.1,3724.7300000000005,3962.7400000000007,3761.7000000000003
7043.0,4834.0,370.5,449.40000000000003,4644.62,4872.479999999999,4771.8
7663.0,2065.0,256.5,283.6,1760.29,2034.03,1993.3999999999999
8884.0,4108.0,157.3,209.20000000000002,3696.4099999999994,3773.6999999999994,3832.2000000000003
9924.0,5095.0,111.19999999999999,164.90000000000003,5199.0,5491.6,5459.2
9405.0,5923.0,199.70000000000002,290.2,5932.71,6097.029999999999,6163.299999999999
9748.0,6164.0,241.4,377.6,6074.929999999999,6284.780000000001,6310.6
9560.0,5128.0,253.30000000000004,384.70000000000005,4994.030000000001,5174.429999999999,5173.200000000001
6038.0,769.0,318.6,330.7,628.75,840.1300000000001,760.2
6709.0,1731.0,348.4,386.1,1711.43,2030.48,1765.8
7263.0,6316.0,347.3,477.49999999999994,6052.66,6292.530000000001,6134.599999999999
7126.0,4763.0,395.19999999999993,492.79999999999995,4631.79,4877.200000000001,4851.5999999999985
6350.0,1605.0,393.0,426.00000000000006,1548.7399999999998,1717.25,1673.8999999999999
7404.0,1533.0,241.1,259.9000000000001,1416.6000000000001,1557.29,1564.8999999999999
8305.0,3638.0,286.5,352.09999999999997,3579.9900000000002,3802.35,3726.3999999999996
8504.0,6671.0,352.70000000000005,484.3,6279.089999999999,6616.229999999999,6423.6
7464.0,6868.0,350.69999999999993,488.2999999999999,6447.489999999999,6687.869999999999,6690.700000000001
7037.0,3878.0,296.4,366.09999999999997,3811.85,3926.5499999999997,3998.1
9102.0,7127.0,174.2,279.9,6992.7,7258.17,7272.3
7854.0,1995.0,199.19999999999996,225.5,2092.95,2164.0100000000007,2260.1
10385.0,6446.0,168.0,280.09999999999997,6726.29,7328.25,7175.900000000001
9078.0,5464.0,262.6,362.2,5208.9800000000005,5295.46,5310.599999999999
9661.0,6147.0,306.50000000000006,450.29999999999995,5840.44,5987.48,6045.800000000001
9412.0,6294.0,303.9,457.79999999999995,5851.87,6053.179999999999,6093.999999999999
9849.0,6585.0,321.7,474.0999999999999,6206.01,6443.03,6439.799999999999
8638.0,6240.0,370.80000000000007,498.8999999999999,5832.92,6088.910000000002,6085.799999999999
7904.0,2498.0,363.8,415.40000000000003,2391.5099999999998,2595.3399999999997,2550.1999999999994
13274.0,689.0,261.59999999999997,273.8,582.9200000000001,760.22,566.8000000000001
9740.0,7072.0,325.09999999999997,479.19999999999993,6758.27,6991.96,6251.6
9822.0,7019.0,376.70000000000005,495.9,6599.280000000001,6843.160000000002,6862.5
8650.0,1990.0,377.8,421.00000000000006,1798.6299999999999,2003.01,1953.7
7706.0,1600.0,371.6,402.5,1541.48,1741.0599999999995,1700.3999999999999
9191.0,849.0,298.6,323.2,783.3000000000002,1000.1899999999998,927.4000000000001
7095.0,1045.0,261.40000000000003,277.3,912.9599999999999,1108.0300000000002,1065.2
9580.0,1768.0,247.10000000000005,286.99999999999994,1693.73,1878.2099999999996,1435.8000000000002
9289.0,5766.0,334.9,486.7000000000001,5676.91,5673.24,4446.6
9392.0,4667.0,359.5,450.5,4355.48,4606.190000000001,4591.400000000001
9272.0,6809.0,390.40000000000003,537.1999999999999,6337.79,6582.939999999999,6593.100000000001
8792.0,6454.0,419.50000000000006,519.1999999999999,6097.089999999999,6316.509999999999,6343.5
9734.0,6809.0,445.09999999999997,561.7,6376.29,6601.63,6618.9
8453.0,2961.0,432.9000000000001,478.3999999999999,2859.48,3049.05,3021.3
7611.0,1289.0,375.29999999999995,388.30000000000007,1174.2,1354.7900000000002,1035.8999999999999
8798.0,2181.0,339.70000000000005,406.69999999999993,2028.7099999999998,2216.2599999999993,1997.8000000000002
8948.0,659.0,271.6,294.0,500.78000000000003,701.7199999999999,651.5999999999999
10523.0,6358.0,320.7,419.40000000000003,5538.54,5789.800000000001,5815.700000000001
9798.0,6750.0,391.9,513.9,6262.79,6471.240000000001,6628.5
8662.0,6247.0,481.2,582.1,5920.679999999999,6141.370000000002,6169.2
10355.0,7159.0,353.80000000000007,509.50000000000006,6617.399999999999,6648.41,6876.400000000001
8400.0,1149.0,319.29999999999995,337.8999999999999,991.5699999999999,1190.8499999999997,917.8000000000002
9796.0,6701.0,281.90000000000003,412.4,6659.199999999999,6803.4800000000005,5381.0
9237.0,6733.0,314.4000000000001,427.9,6602.639999999999,6800.31,5375.299999999999
9691.0,7077.0,366.8,526.1999999999998,6595.85,6901.06,6670.6
8843.0,5479.0,388.40000000000003,474.2,5408.010000000001,5600.040000000001,5146.999999999999
8900.0,6583.0,402.20000000000005,549.5,6189.46,6464.379999999999,6501.000000000001
8367.0,3918.0,400.5000000000001,460.99999999999994,3816.94,4077.1699999999996,3947.6
8338.0,1453.0,408.8,429.70000000000005,1430.87,1604.18,1580.6000000000001
8552.0,5646.0,413.20000000000005,510.49999999999994,5321.1,5754.82,5589.7
8261.0,6754.0,501.49999999999994,631.9,6253.96,6498.320000000001,6517.6
8479.0,1565.0,362.7,387.20000000000005,1529.75,1757.85,1712.4999999999998
9201.0,6656.0,399.79999999999995,532.9,6343.140000000001,6594.0199999999995,6596.599999999999
9244.0,7126.0,493.8,608.9999999999999,6487.22,6741.780000000001,6765.299999999999
8242.0,4930.0,484.09999999999997,595.9,4484.47,4728.94,4716.299999999999
5730.0,6402.0,519.1000000000001,0.0,5377.22,5733.080000000001,5268.5
1389.0,1755.0,386.59999999999997,0.0,1284.42,1475.77,1432.7
6488.0,7572.0,474.20000000000005,0.0,6405.860000000001,6643.119999999999,6668.999999999999
5486.0,6530.0,511.99999999999994,0.0,5412.259999999999,5709.380000000001,5682.499999999999
5748.0,6639.0,540.1000000000001,0.0,5589.650000000001,5837.030000000002,5831.7
5124.0,5806.0,533.4,0.0,5094.9,5349.14,5227.599999999999
2109.0,2439.0,493.7,0.0,2420.8199999999997,2663.1399999999994,2163.1
9763.0,7049.0,538.8000000000001,649.3,6353.510000000001,6743.86,6577.0
8733.0,5354.0,611.6999999999999,691.3000000000001,4986.129999999999,5150.810000000001,5170.4
9323.0,6924.0,548.4,649.0999999999999,6167.4299999999985,6403.279999999999,6421.1
8741.0,6785.0,579.6,709.2999999999998,5904.24,6181.55,6195.1
8119.0,6862.0,624.4,754.5,6120.89,6346.15,6382.199999999999
8813.0,6976.0,589.1999999999999,730.8000000000001,6019.0199999999995,6267.040000000001,6063.400000000001
7825.0,3318.0,550.8,608.6999999999999,2895.440000000001,3154.120000000001,2425.1000000000004
6448.0,3625.0,463.0,480.1,4017.5600000000004,4075.220000000001,3354.1
5980.0,1229.0,426.59999999999997,469.1000000000001,1094.72,1323.6299999999999,1253.9
5750.0,1148.0,417.4,448.29999999999995,1034.18,1201.0300000000002,1157.4
3403.0,4101.0,491.8000000000002,180.10000000000002,3558.3900000000003,3763.5600000000004,3400.8999999999996
2901.0,3669.0,477.20000000000005,0.0,3043.87,3255.1200000000003,2574.0
3477.0,4202.0,463.1,0.0,3334.9200000000005,3506.14,2670.7
3832.0,4610.0,489.0999999999999,0.0,3731.7799999999997,4003.520000000001,3290.5
7432.0,6824.0,528.9000000000001,461.1,6894.17,7228.18,7244.099999999999
6837.0,4699.0,497.80000000000007,631.0999999999999,4591.2,4741.25,4775.9
6901.0,4588.0,459.4,547.8000000000001,4246.76,4578.52,4460.9
6837.0,5274.0,509.79999999999995,598.3000000000001,4970.009999999999,5042.83,5038.6
7418.0,5961.0,537.2,648.6999999999999,5386.93,5607.870000000001,5576.299999999999
7033.0,6356.0,558.0999999999999,659.2,5572.940000000001,5815.79,4614.299999999999
6338.0,3319.0,512.6999999999999,562.8,2891.6900000000005,3104.0599999999995,3015.4
7079.0,1170.0,387.6000000000001,396.1,1088.77,1299.1900000000003,1267.4999999999998
9039.0,3883.0,470.6,540.1999999999999,3731.83,3891.2500000000005,3885.3999999999996
8814.0,6236.0,530.3,692.7,5885.079999999999,6139.300000000002,6123.0
8320.0,3238.0,525.5,595.4,3128.7200000000003,3423.970000000001,3327.2999999999997
9162.0,862.0,439.6,463.4,698.5300000000001,884.9099999999999,854.4000000000001
9259.0,2275.0,481.59999999999997,548.9000000000001,2182.58,2372.110000000001,2346.0
9087.0,2904.0,492.2999999999999,565.1,2766.4300000000003,3014.06,2877.8
7813.0,4946.0,514.3000000000001,641.1,4892.97,5217.620000000002,4293.2
7364.0,1956.0,490.0999999999999,544.0,1745.9399999999996,2007.4700000000003,1950.3000000000002
7610.0,2045.0,498.90000000000003,554.6,1868.2,2080.7400000000002,2042.9000000000005
7558.0,5558.0,557.6999999999998,708.0,5301.0199999999995,5548.799999999999,5290.7
7609.0,4923.0,547.8000000000001,631.9,5043.219999999999,5241.29,1969.1
7073.0,5882.0,584.6999999999999,673.7000000000003,5399.370000000001,5687.910000000003,5541.900000000001
7908.0,6614.0,593.6,712.1999999999999,6039.150000000001,6320.159999999999,5022.000000000001
7592.0,4861.0,579.1999999999999,693.4000000000001,4392.3099999999995,4669.27,4602.4
9237.0,1614.0,509.4,528.3000000000001,1437.3600000000001,1635.2000000000003,1609.0000000000002
9060.0,3903.0,517.1,602.5000000000001,3162.78,3389.4300000000003,3337.4
6568.0,1007.0,501.9,521.7,841.11,1044.0099999999998,1002.3999999999999
11949.0,1525.0,470.69999999999993,487.2000000000001,1436.17,1625.14,1580.0
7181.0,1895.0,517.0999999999999,577.4999999999999,1767.4699999999998,1968.37,1507.6
8108.0,1867.0,524.5999999999999,597.0,1671.2700000000002,1888.7099999999998,1693.1
8653.0,3880.0,626.1000000000001,726.9000000000001,3501.4999999999995,3807.37,3489.0
7394.0,1681.0,524.8000000000001,556.8,1615.83,1825.7199999999998,1773.2
7899.0,2215.0,548.0,596.5000000000001,2383.73,2506.7600000000007,2468.4
7541.0,2492.0,595.4000000000001,653.5,2274.3700000000003,2508.5800000000004,2245.6
6187.0,1769.0,565.0,612.3000000000001,1577.52,1758.4899999999998,1611.1999999999996
7561.0,981.0,482.0999999999999,513.8,794.94,987.9300000000002,748.2000000000002
7729.0,4068.0,550.0999999999999,652.5,3880.4899999999993,4106.9,3290.4
7051.0,3136.0,561.3,649.6000000000003,2842.2700000000004,3059.550000000001,2997.4999999999995
7766.0,3360.0,582.2,673.2999999999998,3194.7599999999998,3452.08,3381.0000000000005
7758.0,3999.0,602.6999999999999,709.0999999999997,3836.3500000000004,4094.51,4026.8
7968.0,4153.0,638.9999999999999,760.3000000000001,4188.349999999999,4343.320000000001,4300.1
8245.0,4784.0,614.3000000000001,734.2000000000002,4091.68,4305.7300000000005,4066.7
7546.0,5629.0,615.5999999999999,749.3999999999999,4492.79,4705.809999999998,4594.0
7906.0,5033.0,603.5,737.9999999999999,4618.930000000001,4860.620000000001,3896.900000000001
7965.0,6014.0,641.9,805.0999999999999,5372.299999999999,5632.6399999999985,5588.499999999999
8151.0,5695.0,677.2,847.2,4975.31,5206.760000000002,5179.4
5873.0,2385.0,675.2,745.6,1926.91,2192.060000000001,2109.7000000000003
8650.0,6901.0,685.6,796.1,5909.210000000001,6294.049999999999,6274.099999999999
7430.0,2626.0,594.4999999999999,665.8000000000001,2323.9700000000003,2524.959999999999,2283.3000000000006
6837.0,2600.0,568.1000000000001,635.9,2369.79,2562.12,2011.8000000000004
8798.0,3462.0,602.4999999999999,675.3000000000001,3364.88,3733.1,2927.7
7671.0,4347.0,632.5,733.1,3417.010000000001,3706.4899999999993,3259.3999999999996
7199.0,6534.0,690.5999999999999,815.9,5914.699999999999,6192.860000000001,6265.400000000001
6954.0,5034.0,632.8000000000002,744.3000000000002,4280.38,4791.979999999998,4638.700000000001
6112.0,1447.0,570.1999999999999,608.8000000000002,1365.67,1541.0600000000006,1455.1999999999998
7739.0,974.0,564.8000000000001,573.5000000000001,692.95,869.0300000000001,754.4000000000001
8281.0,1602.0,584.3000000000001,627.0000000000001,988.0800000000002,1174.9099999999999,833.0999999999999
9574.0,2530.0,616.5999999999998,666.6,1782.54,1998.7100000000003,1412.2
9517.0,6344.0,661.9,804.6,4376.759999999999,4602.310000000002,4345.499999999999
7632.0,2241.0,616.7,693.3000000000001,1688.3200000000002,1924.12,1829.0
7687.0,2828.0,607.9000000000001,691.1,1811.5199999999998,2035.7699999999995,1925.5
8715.0,812.0,524.7000000000002,548.8000000000001,558.0,748.3000000000004,684.9
8135.0,2215.0,580.5,640.0999999999999,1951.7599999999998,2168.5100000000007,2121.3
7347.0,4513.0,557.0000000000001,660.2,4005.75,4436.62,0.0
7094.0,4129.0,545.0,650.4999999999999,3646.1500000000005,3748.640000000001,3459.0
8013.0,5182.0,607.7,735.9,4504.050000000001,4748.2599999999975,4695.800000000001
7115.0,3724.0,596.2,692.0999999999998,3166.2999999999997,3402.12,3337.8
11452.0,1088.0,499.6000000000001,523.7999999999997,788.92,982.35,912.6
8204.0,1635.0,511.00000000000006,558.3,1359.3200000000002,1508.09,1458.6
8607.0,3500.0,564.6,688.9,3589.5599999999995,3758.8000000000006,3702.6
7645.0,1366.0,562.9000000000002,587.6999999999999,1148.4799999999998,1326.9599999999998,1002.4
7921.0,1362.0,578.6000000000001,612.9000000000001,1167.08,1340.6600000000003,1163.2
6756.0,920.0,522.3999999999999,548.9,677.54,869.02,822.9
7416.0,823.0,560.2,573.9000000000002,600.17,791.4599999999999,731.0
8700.0,3946.0,547.3999999999999,605.3000000000001,3308.06,3544.0099999999998,3402.9
8767.0,5327.0,578.4000000000001,718.7999999999998,4354.46,4530.509999999998,4549.6
8582.0,3542.0,607.8,734.6000000000001,3181.13,3443.1699999999996,3329.3000000000006
7927.0,1604.0,588.3000000000001,627.5,1240.4700000000003,1420.9399999999998,1048.1000000000001
8085.0,3627.0,573.6999999999999,635.1999999999999,3306.0199999999995,3415.2500000000005,2677.3
7454.0,2561.0,543.5,599.7,2196.88,2359.310000000001,2308.7999999999997
7576.0,2165.0,539.6,615.1000000000001,1903.5100000000002,2090.9900000000002,2012.6000000000004
8122.0,774.0,480.00000000000006,497.0,614.7199999999999,768.2499999999999,709.7
8298.0,1059.0,485.1,502.40000000000003,936.9099999999997,1105.02,1044.8
9013.0,3454.0,518.3000000000001,603.8000000000001,3256.230000000001,3360.83,3238.9
7629.0,4042.0,526.0999999999999,657.0999999999999,4197.95,4349.990000000002,3406.4
9979.0,6382.0,567.5,727.0999999999999,5397.79,5650.009999999998,4367.8
6361.0,1136.0,566.3,576.2,930.7199999999999,1086.1899999999998,0.0
8407.0,1826.0,525.7999999999998,554.3999999999999,1523.6700000000005,1713.9300000000003,881.1
8658.0,4167.0,529.5,619.7,4135.1900000000005,4246.469999999999,4282.2
8337.0,5037.0,575.9000000000001,713.8999999999999,4343.280000000002,4644.56,4548.1
8128.0,3687.0,559.4000000000001,662.0999999999999,3531.2100000000005,3674.7000000000003,3628.4
7722.0,4888.0,556.9000000000001,697.6,4803.470000000001,5041.219999999999,4968.5
8659.0,5887.0,552.7,689.0000000000001,5530.589999999999,5749.630000000001,4538.799999999999
7348.0,4245.0,550.9000000000001,661.8999999999999,4102.889999999999,4366.200000000001,4283.799999999999
8453.0,4911.0,495.99999999999994,575.9,4192.830000000001,4792.44,4811.900000000001
8145.0,4107.0,552.8999999999999,683.7,4365.4,4419.060000000001,4573.400000000001
8050.0,2062.0,506.1,548.5000000000001,1890.87,2065.59,2023.2999999999997
8385.0,4878.0,530.8,630.5,5076.63,5261.790000000001,5297.599999999999
8717.0,4366.0,517.7,619.8000000000001,3833.3300000000004,4048.3599999999997,4070.2000000000003
7504.0,5586.0,548.4,706.7,5209.209999999999,5235.500000000001,4188.5
7657.0,2847.0,515.4,604.3000000000001,2708.0599999999995,2895.320000000001,2230.3999999999996
6908.0,2257.0,494.3,554.0000000000001,2041.48,2275.4899999999993,2138.5
7477.0,928.0,457.2,466.7,727.7,914.6500000000002,857.5999999999999
8134.0,837.0,401.3,402.80000000000007,715.5300000000002,893.1100000000001,840.5
8875.0,4409.0,485.3,589.8000000000001,4472.9800000000005,4599.200000000003,4637.700000000001
8765.0,5343.0,498.50000000000006,624.3000000000001,5129.79,5274.83,5332.799999999999
9154.0,3223.0,525.8,611.4000000000001,3441.71,3612.2099999999996,3554.5
7705.0,786.0,540.5000000000001,555.6000000000001,639.72,834.6400000000003,602.0
7904.0,859.0,472.6,491.5000000000001,698.27,852.7500000000002,792.3000000000002
9112.0,3785.0,487.3000000000001,592.4,4488.87,4758.559999999999,4702.200000000001
9277.0,5355.0,505.4000000000002,634.3000000000001,5253.549999999998,5761.709999999999,5583.399999999999
8957.0,6110.0,517.2,675.9,6000.14,6224.0199999999995,6260.900000000001
8063.0,5978.0,536.8,674.5000000000001,5816.07,5980.960000000002,5924.599999999999
7186.0,4346.0,542.4000000000001,653.8999999999999,4451.699999999999,4676.269999999999,3647.1999999999994
8235.0,706.0,450.1000000000001,472.6,433.22,629.9000000000001,530.2
8769.0,5343.0,491.2,621.5,5248.440000000001,5257.93,5368.1
8556.0,3815.0,497.90000000000003,631.9000000000002,3970.1499999999996,4228.290000000001,4159.9
9866.0,4226.0,395.2000000000001,464.5,3360.02,3908.63,3811.6
9808.0,4307.0,419.2,491.6000000000001,3808.859999999999,3816.5299999999997,3913.0
10258.0,4304.0,415.70000000000005,535.2,4479.349999999999,4665.459999999998,4663.4
9306.0,2222.0,372.80000000000007,411.29999999999995,2331.06,2411.63,2416.6000000000004
9705.0,5221.0,388.8999999999999,489.7000000000001,4970.749999999999,5147.26,5163.900000000001
9424.0,3901.0,415.8999999999999,502.6000000000001,3916.9999999999995,4175.150000000001,4124.3
10160.0,3587.0,445.8999999999999,542.3000000000002,3894.5699999999997,4045.5,4042.5
10448.0,4832.0,480.09999999999997,615.7000000000002,4933.679999999999,4979.88,5070.9
8785.0,1125.0,436.1,477.70000000000005,1087.5000000000002,1191.7000000000003,1178.5
8213.0,186.0,390.29999999999995,405.7000000000001,30.97,186.21,75.3
5679.0,452.0,390.8999999999999,409.80000000000007,379.65999999999997,464.7200000000001,145.2
8874.0,2925.0,361.4,429.3,3399.6899999999996,3533.7699999999995,3524.5000000000005
11056.0,5928.0,357.9,491.00000000000006,6089.51,6191.719999999999,6413.799999999999
9891.0,3543.0,333.40000000000003,384.8999999999999,3507.1299999999997,3752.8900000000003,3636.2
11406.0,6029.0,329.99999999999994,508.80000000000007,6280.84,6483.9800000000005,6487.799999999999
10538.0,5978.0,380.90000000000003,532.6,6099.509999999999,6342.490000000002,6364.099999999999
9379.0,6015.0,488.80000000000007,663.0999999999999,5761.640000000003,5957.94,5946.3
9344.0,3544.0,493.4999999999999,608.5,3944.2599999999998,4154.8099999999995,4130.2
8317.0,2691.0,484.2,564.8000000000001,2726.69,2950.3199999999997,2937.5
9138.0,542.0,311.7,311.6999999999999,422.52000000000004,580.22,545.6999999999999
8853.0,4967.0,331.79999999999995,470.7999999999999,5081.26,5320.87,5290.700000000001
8543.0,5045.0,344.5,478.8,5391.889999999999,5578.049999999998,5578.0
9656.0,5309.0,370.70000000000005,529.8,5465.12,5656.46,5652.0
8144.0,2886.0,403.9000000000001,483.1,2821.77,3034.1299999999997,2906.1
10451.0,5654.0,301.5,415.8,5916.300000000002,6105.759999999998,6113.9
10673.0,5302.0,339.00000000000006,497.89999999999986,5504.790000000001,5689.68,5681.099999999999
8336.0,1677.0,379.09999999999997,414.2,1562.5700000000002,1719.19,1676.5
8621.0,1303.0,428.40000000000015,454.99999999999994,1169.04,1338.5300000000002,1287.6999999999998
8121.0,633.0,413.49999999999994,425.6,487.32,652.53,595.1
7725.0,673.0,337.7,348.1,503.1499999999999,660.03,593.3000000000001
8472.0,1553.0,263.90000000000003,287.1,1285.3400000000001,1521.58,1433.7000000000003
9743.0,3138.0,234.89999999999998,259.80000000000007,3226.48,3336.2599999999998,3054.6000000000004
11531.0,5321.0,236.5,362.4999999999999,5575.410000000001,5743.62,5759.3
10124.0,4595.0,284.20000000000005,433.8999999999999,5298.749999999999,5460.860000000001,5475.999999999999
4421.0,4429.0,321.8,218.20000000000002,4464.589999999999,4572.320000000001,4634.700000000001
9956.0,2594.0,270.6,167.09999999999997,4511.220000000001,4707.679999999999,4641.9
10225.0,529.0,266.2,283.2,448.18000000000006,611.3800000000001,0.5
7815.0,1353.0,250.29999999999995,281.50000000000006,1286.8100000000002,1456.0500000000002,0.0
11117.0,4184.0,236.20000000000002,360.39999999999986,4508.960000000001,4716.2400000000025,0.0
8592.0,2484.0,276.8,356.1,2793.4599999999996,2963.8599999999997,318.0
10066.0,1682.0,206.50000000000003,239.10000000000005,1789.3000000000002,2198.49,1972.8
8193.0,1285.0,135.4,154.4,1366.5299999999997,1411.98,1452.2
10081.0,1085.0,185.9,205.6,1080.08,1237.3500000000004,1207.5
10609.0,3442.0,204.29999999999998,295.6,3321.2799999999993,3525.84,3492.7
8424.0,1413.0,243.49999999999997,289.0000000000001,1327.98,1487.4599999999998,1441.3000000000004
10550.0,765.0,193.09999999999997,204.5,653.4000000000001,854.7599999999999,778.1999999999999
10226.0,4151.0,167.80000000000004,217.7,3680.5099999999998,3853.76,3833.1
9820.0,5316.0,195.1,328.1000000000001,4964.9000000000015,5065.18,5090.6
10470.0,4757.0,218.49999999999991,355.1000000000001,4916.549999999998,5098.869999999999,5080.5999999999985
10807.0,3078.0,265.5,351.0,3249.1499999999996,3549.4099999999994,3377.6000000000004
